transaction_id,customer_id,product,transaction_date,amount,fee,cost
1,161,Subscriptions,2023-07-01,36.52,1.17,0.76
2,168,Subscriptions,2023-04-16,37.02,1.18,0.75
3,74,FX,2023-08-05,645.53,13.97,5.35
4,43,Payments,2023-07-24,47.42,2.18,1.27
5,44,Loans,2023-03-11,4718.2,161.04,78.81
6,29,Payments,2023-02-13,30.75,1.13,0.6
7,141,Cards,2023-11-25,297.36,5.82,2.98
8,12,Cards,2023-10-28,205.76,7.36,3.86
9,95,Payments,2023-08-16,159.85,2.91,1.72
10,46,FX,2023-07-03,657.76,30.15,19.26
11,130,Cards,2023-04-17,115.09,2.42,1.68
12,35,Payments,2023-03-25,114.91,5.32,1.94
13,81,Subscriptions,2023-12-04,35.71,1.51,1.03
14,90,Cards,2023-09-07,121.08,4.72,2.43
15,8,Payments,2023-12-29,30.91,1.16,0.67
16,93,Subscriptions,2023-01-21,47.22,1.41,0.55
17,154,Payments,2023-07-15,28.02,0.75,0.31
18,90,Cards,2023-06-27,235.49,5.69,3.87
19,162,Cards,2023-01-07,289.82,10.1,6.78
20,115,Cards,2023-03-11,235.43,7.5,2.79
21,105,Loans,2023-05-07,2563.69,83.15,53.68
22,135,Cards,2023-06-09,159.96,7.34,4.18
23,196,FX,2023-09-05,223.3,11.12,5.68
24,58,Payments,2023-07-22,90.53,3.29,1.13
25,114,FX,2023-05-28,672.88,20.14,9.32
26,75,Payments,2023-05-23,191.54,5.92,2.29
27,157,Subscriptions,2023-07-18,28.36,1.33,0.49
28,120,Payments,2023-06-03,58.51,0.62,0.19
29,164,Payments,2023-05-22,169.29,6.65,2.94
30,21,Payments,2023-11-09,145.7,3.76,2.56
31,164,Subscriptions,2023-06-14,48.68,1.25,0.8
32,138,Payments,2023-11-10,159.16,3.57,1.4
33,101,FX,2023-01-21,512.41,21.14,14.46
34,152,Payments,2023-03-23,157.44,6.96,3.77
35,192,Payments,2023-03-10,170.37,7.05,3.18
36,177,Loans,2023-05-11,2983.96,125.89,40.09
37,99,FX,2023-03-28,827.27,14.16,7.16
38,36,Payments,2023-08-06,165.49,3.34,1.33
39,96,Subscriptions,2023-11-01,26.11,1.2,0.36
40,152,Cards,2023-12-11,273.37,4.42,3.07
41,151,Subscriptions,2023-12-07,48.19,1.44,0.73
42,190,Payments,2023-06-10,106.68,3.78,1.27
43,37,Payments,2023-06-27,25.87,0.32,0.15
44,12,Cards,2023-04-27,104.4,3.64,2.54
45,113,Payments,2023-07-15,89.54,2.95,1.38
46,183,Cards,2023-11-23,258.76,11.93,7.76
47,13,Loans,2023-03-27,4884.68,54.22,34.48
48,23,Cards,2023-10-16,232.98,4.46,3.04
49,99,FX,2023-03-22,233.36,8.68,3.38
50,105,Cards,2023-06-01,146.47,5.68,2.98
51,30,Loans,2023-03-02,2423.76,55.88,35.53
52,17,FX,2023-03-02,229.43,6.24,4.13
53,113,Loans,2023-12-20,4306.32,112.13,67.86
54,62,Loans,2023-01-28,4204.22,191.53,99.17
55,84,Subscriptions,2023-02-12,18.18,0.37,0.15
56,112,Cards,2023-06-18,190.33,2.15,1.19
57,86,Cards,2023-03-27,128.38,2.8,1.82
58,141,FX,2023-06-26,514.0,7.09,4.47
59,187,Loans,2023-01-17,714.39,27.91,17.01
60,19,Loans,2023-04-08,2086.71,89.71,45.42
61,177,FX,2023-07-17,516.96,6.11,2.54
62,100,Payments,2023-04-08,187.58,4.82,2.5
63,140,Payments,2023-03-06,115.76,3.89,1.26
64,189,Loans,2023-11-26,2129.79,82.9,31.52
65,147,Payments,2023-12-07,56.64,0.59,0.28
66,76,Payments,2023-01-05,178.89,2.16,0.81
67,9,Payments,2023-01-02,75.82,2.98,1.66
68,199,Payments,2023-01-22,94.87,3.83,2.08
69,28,Payments,2023-04-22,181.29,7.74,3.11
70,128,Cards,2023-02-26,103.29,1.55,0.67
71,52,Loans,2023-03-07,4997.95,131.1,50.89
72,83,Loans,2023-11-26,3931.17,124.61,44.84
73,111,Subscriptions,2023-04-08,25.23,0.67,0.4
74,144,Payments,2023-05-24,23.72,0.49,0.25
75,117,Cards,2023-05-05,102.59,3.6,1.78
76,69,FX,2023-06-16,425.54,20.41,11.29
77,99,Payments,2023-03-27,43.39,1.41,0.86
78,140,Loans,2023-03-17,3688.2,62.27,42.9
79,25,Cards,2023-12-10,151.18,2.47,0.92
80,180,Cards,2023-10-21,56.52,2.38,0.83
81,123,Loans,2023-02-28,1063.06,46.79,20.49
82,53,Subscriptions,2023-05-18,11.23,0.14,0.05
83,151,Payments,2023-04-09,58.41,2.14,0.78
84,144,Cards,2023-07-11,62.1,2.52,1.43
85,57,Payments,2023-08-31,98.36,3.14,1.34
86,39,Cards,2023-11-15,160.28,4.85,2.21
87,109,Subscriptions,2023-02-18,46.26,0.49,0.3
88,181,Subscriptions,2023-02-01,14.98,0.63,0.34
89,42,Loans,2023-10-04,4294.75,59.7,31.26
90,186,Payments,2023-01-20,110.2,4.21,2.17
91,167,Payments,2023-06-03,117.33,3.19,1.35
92,142,Payments,2023-03-09,106.81,1.57,1.08
93,122,Payments,2023-08-02,148.59,7.15,2.79
94,133,FX,2023-05-23,891.41,37.75,21.55
95,163,Loans,2023-08-20,3312.63,75.07,47.04
96,75,Payments,2023-08-01,110.27,1.42,0.6
97,146,Cards,2023-03-20,282.53,12.44,8.62
98,76,Cards,2023-08-02,199.56,3.97,1.45
99,9,Cards,2023-04-26,80.47,0.87,0.4
100,74,Cards,2023-04-02,81.69,2.16,1.46
101,186,Payments,2023-09-27,97.5,4.4,2.39
102,145,Loans,2023-06-17,1612.09,39.07,13.03
103,7,FX,2023-02-27,400.12,14.84,4.88
104,174,Subscriptions,2023-10-11,18.22,0.46,0.32
105,141,Payments,2023-01-26,161.28,6.34,2.2
106,168,FX,2023-03-07,802.9,33.25,17.97
107,170,Payments,2023-09-05,198.27,4.56,3.09
108,137,Payments,2023-09-11,184.65,1.93,0.93
109,178,Loans,2023-02-13,4896.97,69.17,35.91
110,27,Subscriptions,2023-04-07,49.16,1.58,0.6
111,122,Subscriptions,2023-02-11,33.29,0.61,0.31
112,194,Payments,2023-08-15,33.33,1.14,0.58
113,5,Cards,2023-09-19,229.84,8.1,4.21
114,29,Payments,2023-06-16,144.16,2.27,1.22
115,165,Payments,2023-10-06,50.98,2.4,0.78
116,166,Cards,2023-03-30,146.2,5.53,2.67
117,83,Cards,2023-06-27,54.87,1.76,0.98
118,136,Cards,2023-07-16,220.02,5.49,2.88
119,109,FX,2023-11-03,505.62,18.65,9.95
120,65,Subscriptions,2023-09-24,31.03,0.62,0.19
121,86,Subscriptions,2023-09-25,16.96,0.25,0.12
122,145,Payments,2023-03-15,130.21,2.41,1.63
123,71,Loans,2023-01-08,530.07,21.68,11.92
124,45,Loans,2023-10-24,2181.0,26.21,14.44
125,132,Payments,2023-06-13,89.41,4.24,2.19
126,36,FX,2023-03-26,945.69,17.8,10.51
127,70,Loans,2023-03-13,3277.62,129.72,50.05
128,159,Payments,2023-02-24,139.7,4.18,2.5
129,19,Payments,2023-02-16,78.87,3.6,1.2
130,189,Subscriptions,2023-08-26,42.29,1.88,1.18
131,108,Payments,2023-04-14,112.29,3.09,2.16
132,182,Cards,2023-07-29,91.88,2.93,1.66
133,167,Loans,2023-02-11,3653.9,66.36,37.27
134,91,Loans,2023-11-12,4182.66,50.2,33.36
135,90,Subscriptions,2023-09-25,11.18,0.27,0.08
136,19,FX,2023-09-20,169.43,7.87,3.48
137,39,Payments,2023-12-02,96.46,1.8,0.97
138,126,Subscriptions,2023-12-31,33.79,0.84,0.36
139,195,Subscriptions,2023-09-16,45.4,1.15,0.57
140,173,Payments,2023-10-10,70.99,2.94,1.35
141,141,Cards,2023-04-24,168.67,3.4,2.36
142,126,FX,2023-12-29,362.35,14.79,6.97
143,58,Subscriptions,2023-02-09,18.25,0.77,0.33
144,148,Cards,2023-08-08,263.6,12.29,7.91
145,200,Cards,2023-05-09,39.45,1.64,0.76
146,61,FX,2023-01-08,886.35,31.48,19.94
147,127,FX,2023-04-11,549.49,17.25,6.17
148,105,Subscriptions,2023-06-25,41.36,1.11,0.55
149,167,Subscriptions,2023-04-17,41.4,1.41,0.53
150,1,Subscriptions,2023-04-11,33.61,0.88,0.43
151,131,FX,2023-09-17,125.48,2.31,0.95
152,92,Payments,2023-09-03,148.33,1.55,0.72
153,190,Cards,2023-10-02,279.49,4.05,2.05
154,191,Cards,2023-02-01,242.36,11.56,6.92
155,113,Payments,2023-05-17,149.7,6.45,3.08
156,153,FX,2023-01-12,825.26,8.52,5.7
157,56,Payments,2023-10-29,99.8,3.21,1.29
158,161,Payments,2023-01-16,153.66,2.01,1.3
159,166,FX,2023-05-09,845.31,15.76,9.83
160,117,Payments,2023-03-04,161.54,5.7,2.56
161,134,FX,2023-04-19,344.35,6.64,2.84
162,58,FX,2023-01-21,913.2,11.97,7.56
163,44,Loans,2023-06-07,2070.01,63.89,39.47
164,173,Payments,2023-09-26,179.19,4.26,2.07
165,160,Payments,2023-06-11,94.61,1.0,0.42
166,173,Subscriptions,2023-09-17,28.37,0.75,0.44
167,61,Cards,2023-04-12,133.9,3.96,1.87
168,47,Subscriptions,2023-08-11,39.63,1.76,0.9
169,149,Payments,2023-02-28,162.1,3.55,1.83
170,80,Subscriptions,2023-09-04,23.81,0.63,0.38
171,118,Loans,2023-05-08,4467.48,66.39,36.77
172,164,FX,2023-10-10,623.93,9.19,3.54
173,147,Payments,2023-11-21,75.98,1.27,0.5
174,20,FX,2023-01-25,340.84,7.98,4.79
175,185,Loans,2023-05-11,3073.6,151.99,70.81
176,146,Cards,2023-12-19,233.54,10.48,5.99
177,47,Payments,2023-07-15,94.14,3.78,1.44
178,49,Subscriptions,2023-10-08,23.1,0.74,0.39
179,14,Cards,2023-06-03,35.98,1.72,1.0
180,143,Payments,2023-05-13,109.23,5.17,2.46
181,159,Cards,2023-08-15,294.72,8.99,3.11
182,1,Subscriptions,2023-07-08,40.59,1.51,0.92
183,117,Payments,2023-09-22,191.26,7.85,4.28
184,54,Payments,2023-05-14,174.32,6.44,2.98
185,118,FX,2023-07-30,897.06,16.93,9.92
186,3,Payments,2023-03-01,178.68,7.01,4.06
187,144,Subscriptions,2023-12-30,40.11,1.15,0.75
188,185,Payments,2023-12-30,56.62,0.85,0.35
189,12,Subscriptions,2023-08-01,31.26,0.95,0.6
190,74,Payments,2023-08-04,92.82,2.73,0.83
191,16,Cards,2023-08-14,140.63,5.05,1.55
192,200,Cards,2023-05-11,105.84,1.94,0.61
193,102,Cards,2023-03-17,159.4,2.75,1.64
194,152,FX,2023-10-13,863.14,27.47,19.03
195,156,Payments,2023-10-04,101.09,3.09,2.15
196,117,FX,2023-06-05,308.39,14.71,4.67
197,8,Payments,2023-09-05,100.35,1.28,0.76
198,122,Payments,2023-08-06,129.51,4.96,2.23
199,92,Payments,2023-07-09,86.51,1.02,0.45
200,164,Loans,2023-06-12,4681.8,117.84,74.54
201,90,FX,2023-06-29,858.09,21.39,11.83
202,136,Subscriptions,2023-02-03,13.81,0.2,0.06
203,186,Loans,2023-02-10,3114.57,84.23,43.73
204,60,Payments,2023-11-03,113.79,2.73,1.56
205,178,Cards,2023-12-04,234.8,2.49,0.95
206,28,Loans,2023-11-10,3709.56,94.46,53.37
207,101,Loans,2023-03-16,2061.33,52.83,19.2
208,41,Payments,2023-10-06,66.48,2.27,1.08
209,192,FX,2023-06-25,796.87,35.14,18.16
210,155,Subscriptions,2023-05-30,40.33,0.9,0.42
211,191,Payments,2023-09-30,148.3,3.77,2.02
212,145,Payments,2023-11-21,53.37,1.81,1.17
213,161,Subscriptions,2023-04-18,44.75,1.74,1.04
214,157,Subscriptions,2023-05-19,32.32,1.08,0.38
215,141,Payments,2023-12-16,99.89,2.8,1.91
216,46,Cards,2023-09-28,146.39,4.68,2.4
217,35,Payments,2023-12-13,134.62,5.38,2.1
218,134,Loans,2023-10-16,2879.26,123.91,60.13
219,82,Cards,2023-07-31,105.18,3.81,2.4
220,115,Loans,2023-09-29,784.13,32.21,20.25
221,197,Subscriptions,2023-03-07,28.46,1.4,0.86
222,47,Loans,2023-09-05,3981.48,158.92,57.25
223,153,Payments,2023-06-05,59.1,1.69,0.68
224,194,Cards,2023-02-16,142.12,6.47,4.08
225,10,Loans,2023-07-20,3335.18,147.83,90.7
226,56,Cards,2023-05-28,145.83,2.63,1.33
227,30,Payments,2023-05-04,152.52,4.19,2.37
228,109,Payments,2023-01-01,36.98,1.48,0.92
229,5,Payments,2023-09-04,147.23,7.17,4.52
230,119,Subscriptions,2023-12-09,46.12,2.18,1.36
231,33,Loans,2023-05-08,3534.16,36.15,17.58
232,118,Cards,2023-07-10,184.21,4.08,1.74
233,65,Loans,2023-03-08,4825.22,220.36,140.96
234,146,Cards,2023-01-04,139.62,1.47,0.49
235,177,Payments,2023-10-30,76.2,0.81,0.25
236,11,Cards,2023-10-21,277.48,10.61,4.5
237,85,FX,2023-05-23,219.38,6.68,2.02
238,26,FX,2023-07-10,944.57,25.12,11.58
239,63,FX,2023-01-21,451.53,5.77,3.2
240,86,FX,2023-08-15,759.7,28.14,10.0
241,59,Subscriptions,2023-11-09,33.15,1.09,0.7
242,27,Payments,2023-04-27,88.24,2.19,1.2
243,177,Payments,2023-10-29,133.95,3.85,1.84
244,161,Cards,2023-05-22,163.42,7.26,3.52
245,98,Subscriptions,2023-02-08,47.6,1.44,0.98
246,105,FX,2023-12-21,849.55,20.81,13.43
247,99,Loans,2023-09-09,995.28,46.78,25.85
248,129,Payments,2023-11-29,29.79,1.07,0.73
249,149,Payments,2023-07-26,32.56,1.05,0.63
250,55,Subscriptions,2023-07-29,42.41,1.13,0.43
251,6,Loans,2023-04-25,690.54,22.92,11.03
252,197,Payments,2023-08-13,190.77,2.37,1.36
253,95,Loans,2023-05-14,612.35,10.32,4.97
254,133,Payments,2023-09-08,101.88,3.81,2.53
255,102,Subscriptions,2023-08-07,35.56,1.71,1.12
256,3,Payments,2023-04-01,125.21,5.43,3.02
257,181,FX,2023-12-20,170.7,6.76,2.29
258,23,Payments,2023-02-15,126.93,4.84,1.58
259,53,Loans,2023-02-07,1538.58,71.74,39.21
260,165,Payments,2023-05-22,64.33,2.42,1.3
261,83,Payments,2023-04-10,110.28,5.41,3.1
262,145,Loans,2023-11-24,2189.48,91.96,60.13
263,85,Loans,2023-07-09,1063.49,19.17,7.41
264,78,Subscriptions,2023-02-04,37.65,1.28,0.7
265,110,Payments,2023-05-27,189.34,7.77,2.73
266,1,Subscriptions,2023-01-30,23.9,0.66,0.3
267,51,Cards,2023-11-30,210.71,9.62,4.07
268,173,FX,2023-03-25,596.69,24.81,11.57
269,4,Payments,2023-10-08,50.26,1.46,0.47
270,190,Loans,2023-12-10,4740.73,61.6,29.28
271,193,Payments,2023-09-27,115.38,5.7,2.09
272,113,Payments,2023-06-03,40.6,0.42,0.15
273,32,Cards,2023-04-12,85.96,3.03,1.17
274,34,Payments,2023-08-03,23.69,1.02,0.46
275,92,Loans,2023-05-30,2091.64,46.22,31.9
276,95,Subscriptions,2023-03-24,16.8,0.77,0.47
277,72,FX,2023-04-20,168.83,8.35,3.41
278,39,Subscriptions,2023-10-02,13.94,0.6,0.35
279,154,Payments,2023-07-20,131.1,2.13,1.05
280,162,Payments,2023-10-11,160.5,3.55,1.51
281,182,Loans,2023-06-22,514.13,8.72,5.67
282,118,Payments,2023-11-23,99.51,4.91,2.25
283,3,Loans,2023-07-25,3718.34,79.11,35.25
284,123,Payments,2023-03-04,54.33,1.3,0.67
285,50,Payments,2023-03-14,198.52,7.26,2.76
286,12,Loans,2023-09-08,702.33,10.57,5.55
287,193,Payments,2023-05-04,157.73,7.51,2.3
288,54,Subscriptions,2023-05-01,30.91,0.89,0.5
289,133,Subscriptions,2023-10-02,32.38,1.21,0.68
290,57,FX,2023-04-30,205.31,8.62,3.01
291,145,Payments,2023-11-13,145.74,3.88,1.96
292,112,Payments,2023-06-13,182.59,8.33,5.22
293,47,Payments,2023-10-13,111.83,4.41,2.23
294,151,Subscriptions,2023-09-22,44.78,1.17,0.8
295,85,FX,2023-11-16,939.09,37.25,15.34
296,142,Payments,2023-06-10,43.7,1.93,0.71
297,66,Cards,2023-11-04,260.65,7.72,3.57
298,75,Payments,2023-03-30,182.57,6.24,3.31
299,179,Loans,2023-05-22,3014.45,74.9,46.01
300,103,FX,2023-07-22,327.52,15.58,10.24
301,166,Cards,2023-11-05,121.12,4.75,2.51
302,192,FX,2023-08-15,403.88,20.01,6.2
303,38,FX,2023-11-30,327.38,10.08,5.13
304,50,Payments,2023-08-10,126.01,5.05,2.77
305,98,FX,2023-02-10,640.25,7.77,3.5
306,82,Payments,2023-07-15,61.77,1.27,0.66
307,30,Cards,2023-03-09,83.87,1.82,0.72
308,79,Loans,2023-09-21,4768.26,227.86,123.95
309,91,FX,2023-01-02,932.07,38.62,20.7
310,179,Loans,2023-12-27,528.96,21.63,12.57
311,191,Subscriptions,2023-05-05,34.61,1.4,0.71
312,52,Loans,2023-04-20,3668.37,173.91,78.31
313,166,FX,2023-03-27,737.31,21.4,12.19
314,79,Payments,2023-04-30,157.32,1.86,1.04
315,30,Payments,2023-05-07,60.81,2.24,1.09
316,106,Payments,2023-09-12,159.24,2.38,1.31
317,51,Payments,2023-07-02,70.12,3.09,2.08
318,81,Cards,2023-01-16,299.03,12.51,7.53
319,133,Payments,2023-03-03,58.79,1.38,0.67
320,29,Cards,2023-06-07,238.81,11.13,4.18
321,132,Payments,2023-09-25,186.03,7.04,3.83
322,138,Payments,2023-02-04,55.97,0.68,0.36
323,184,FX,2023-09-24,686.36,12.65,6.61
324,145,Subscriptions,2023-03-05,44.26,1.92,1.29
325,74,Loans,2023-02-19,2146.49,48.77,29.25
326,17,Subscriptions,2023-09-12,27.24,0.37,0.15
327,84,FX,2023-05-29,476.72,10.35,4.48
328,69,Payments,2023-11-21,72.88,0.85,0.47
329,34,Cards,2023-10-31,191.27,6.91,2.61
330,6,Cards,2023-10-03,109.83,3.82,2.06
331,53,Subscriptions,2023-12-23,30.25,0.73,0.48
332,194,Payments,2023-06-21,81.16,2.29,1.31
333,126,Subscriptions,2023-07-20,31.72,0.76,0.36
334,43,Payments,2023-11-20,163.01,3.44,1.23
335,115,Payments,2023-02-04,76.37,3.36,1.13
336,111,Payments,2023-08-04,198.51,6.28,4.36
337,151,Loans,2023-03-06,4725.48,132.85,50.4
338,183,Cards,2023-01-08,74.52,1.46,0.85
339,80,FX,2023-10-28,345.65,8.18,3.92
340,95,FX,2023-12-09,921.91,16.2,4.89
341,118,Loans,2023-11-28,770.43,35.59,19.89
342,144,Payments,2023-03-17,69.15,1.18,0.49
343,8,Loans,2023-06-23,1016.59,48.45,29.73
344,132,Cards,2023-02-16,154.85,6.91,2.76
345,104,Payments,2023-01-15,149.08,6.6,2.92
346,132,Cards,2023-12-27,234.52,5.11,2.15
347,184,Subscriptions,2023-05-27,14.28,0.39,0.23
348,25,Loans,2023-01-26,4730.99,161.57,104.26
349,195,FX,2023-11-04,840.25,14.23,7.03
350,96,Loans,2023-04-03,1026.16,38.26,26.02
351,195,Cards,2023-08-20,67.01,2.64,1.46
352,155,Cards,2023-01-21,187.57,4.8,2.12
353,93,Loans,2023-11-03,703.62,13.17,4.03
354,160,Payments,2023-02-07,124.66,1.77,1.15
355,178,Subscriptions,2023-10-03,30.93,1.17,0.55
356,61,Cards,2023-06-06,181.36,8.65,2.88
357,122,Payments,2023-06-28,65.71,2.71,0.92
358,51,Subscriptions,2023-05-12,13.03,0.32,0.11
359,147,Subscriptions,2023-11-07,33.4,0.64,0.42
360,21,FX,2023-12-14,805.15,30.59,16.72
361,5,Payments,2023-01-28,175.42,3.32,2.16
362,92,FX,2023-09-17,810.54,32.36,16.97
363,170,Cards,2023-03-17,96.49,2.6,1.61
364,61,Payments,2023-03-08,25.72,1.06,0.42
365,22,Payments,2023-12-08,45.98,0.67,0.21
366,149,Cards,2023-07-13,171.37,3.21,2.23
367,70,Payments,2023-06-11,123.4,1.91,1.1
368,1,Cards,2023-12-13,272.39,10.84,3.58
369,133,Loans,2023-12-27,4531.48,189.22,68.75
370,12,Payments,2023-09-14,29.32,0.95,0.34
371,90,Cards,2023-03-13,255.34,6.21,4.13
372,46,Loans,2023-03-28,3045.6,52.71,18.76
373,34,Loans,2023-09-19,3094.13,125.24,76.72
374,177,Loans,2023-08-02,1740.91,31.63,9.7
375,78,Subscriptions,2023-06-02,37.17,0.49,0.23
376,45,Payments,2023-07-29,128.3,6.09,2.59
377,155,Loans,2023-03-02,1623.97,58.73,32.17
378,73,Cards,2023-09-25,119.67,5.64,3.6
379,26,Payments,2023-09-19,60.32,1.18,0.6
380,47,Subscriptions,2023-08-06,40.94,0.48,0.28
381,121,Payments,2023-10-10,136.68,2.63,1.51
382,56,FX,2023-05-16,946.16,11.23,4.81
383,94,Payments,2023-12-28,98.87,4.55,3.11
384,107,Cards,2023-04-03,149.91,6.0,3.07
385,63,Loans,2023-04-19,2920.02,61.68,23.86
386,48,Payments,2023-08-29,71.84,2.32,0.72
387,61,Payments,2023-12-21,183.3,2.98,1.16
388,81,Payments,2023-05-22,113.29,4.35,1.47
389,26,Loans,2023-10-18,1929.63,94.06,38.09
390,36,Payments,2023-08-25,76.35,3.32,1.06
391,1,FX,2023-12-06,518.15,13.05,5.57
392,8,Loans,2023-11-08,1785.65,24.38,10.39
393,113,Payments,2023-06-26,27.75,1.14,0.53
394,99,Subscriptions,2023-05-21,27.76,1.27,0.72
395,180,FX,2023-07-08,107.25,5.12,2.02
396,47,Payments,2023-02-18,39.37,1.6,0.8
397,127,Payments,2023-10-29,98.08,1.96,1.02
398,56,Payments,2023-07-09,69.39,3.2,1.23
399,14,FX,2023-05-16,895.92,29.01,18.31
400,28,Subscriptions,2023-02-12,38.51,1.46,0.63
401,78,Loans,2023-12-19,1552.54,28.62,18.4
402,130,FX,2023-03-31,838.38,23.16,8.17
403,109,FX,2023-10-22,444.03,15.44,7.44
404,154,Subscriptions,2023-12-07,41.21,2.06,0.77
405,14,Cards,2023-09-02,154.11,4.2,1.77
406,187,Payments,2023-07-11,55.66,0.7,0.46
407,56,Payments,2023-11-14,95.57,2.86,1.9
408,115,Payments,2023-04-16,159.73,2.43,1.28
409,7,Payments,2023-12-29,99.61,4.17,2.46
410,3,Loans,2023-11-06,3606.83,85.2,52.99
411,111,Cards,2023-08-21,44.15,0.72,0.31
412,151,Payments,2023-09-22,33.83,0.66,0.41
413,107,Payments,2023-12-10,190.69,4.23,1.72
414,18,Loans,2023-02-06,1759.52,37.14,11.68
415,38,Cards,2023-11-01,280.27,5.2,2.43
416,115,Payments,2023-02-10,21.74,0.96,0.57
417,15,Loans,2023-01-17,4760.4,196.44,83.58
418,192,Payments,2023-12-10,64.62,2.45,1.09
419,119,Payments,2023-10-04,121.92,1.25,0.41
420,28,Cards,2023-11-03,174.55,5.7,3.42
421,39,Cards,2023-02-28,65.63,2.0,0.76
422,185,Payments,2023-07-02,36.78,0.97,0.35
423,17,Cards,2023-02-10,89.88,2.04,0.82
424,86,Subscriptions,2023-02-08,13.5,0.18,0.07
425,126,Cards,2023-07-11,43.65,1.53,0.63
426,44,Loans,2023-09-24,1758.86,40.95,23.14
427,25,Loans,2023-05-27,4417.85,178.32,105.39
428,145,Loans,2023-11-29,2679.76,101.17,52.72
429,13,Subscriptions,2023-05-07,18.65,0.34,0.14
430,25,Payments,2023-02-15,183.94,5.87,3.48
431,68,Payments,2023-02-14,82.38,2.17,0.76
432,138,Payments,2023-01-01,50.83,2.19,1.17
433,67,FX,2023-06-17,403.78,17.0,6.78
434,109,Payments,2023-04-18,195.69,4.66,2.02
435,146,Subscriptions,2023-01-19,22.48,0.33,0.12
436,111,Cards,2023-11-28,204.99,9.23,5.68
437,111,Payments,2023-03-13,45.4,1.44,0.49
438,34,Subscriptions,2023-04-19,11.81,0.43,0.22
439,111,Loans,2023-09-25,869.11,9.91,6.89
440,8,Cards,2023-08-28,38.11,1.06,0.53
441,168,Payments,2023-10-28,41.11,0.69,0.3
442,113,Subscriptions,2023-03-31,40.47,1.23,0.68
443,83,FX,2023-04-13,986.66,40.18,19.03
444,42,Cards,2023-09-07,150.54,5.23,2.96
445,169,Subscriptions,2023-01-08,30.03,1.07,0.33
446,101,Loans,2023-06-02,2433.3,51.48,18.1
447,6,Subscriptions,2023-12-13,13.98,0.48,0.24
448,180,Cards,2023-06-23,98.47,2.84,1.41
449,26,Subscriptions,2023-12-09,17.8,0.64,0.39
450,64,Payments,2023-06-07,162.46,5.54,2.8
451,187,Cards,2023-08-03,46.47,1.0,0.34
452,184,Subscriptions,2023-06-26,48.55,0.75,0.27
453,59,Subscriptions,2023-06-24,45.58,2.18,1.32
454,109,Payments,2023-12-06,20.97,0.21,0.1
455,198,Subscriptions,2023-12-04,15.74,0.17,0.08
456,121,Loans,2023-05-26,4743.78,108.88,61.46
457,33,Subscriptions,2023-11-20,36.09,0.72,0.41
458,181,Payments,2023-06-10,58.22,0.87,0.5
459,150,Subscriptions,2023-05-07,14.54,0.73,0.27
460,21,Cards,2023-03-23,190.42,5.04,1.77
461,198,Payments,2023-05-27,25.01,0.87,0.54
462,70,Cards,2023-08-27,257.34,7.54,4.61
463,112,Loans,2023-03-25,3527.81,137.48,68.33
464,4,Cards,2023-04-23,201.02,8.49,3.9
465,94,FX,2023-08-13,825.38,27.8,10.18
466,75,Subscriptions,2023-11-28,10.99,0.27,0.14
467,190,FX,2023-08-31,855.84,12.92,8.01
468,62,Cards,2023-05-23,263.01,4.22,2.7
469,94,Loans,2023-02-10,4961.54,193.87,119.02
470,95,Payments,2023-09-15,198.99,6.81,2.88
471,152,Subscriptions,2023-10-12,43.5,1.5,0.8
472,55,FX,2023-04-15,328.27,13.21,4.4
473,137,FX,2023-07-21,931.86,21.46,7.54
474,131,FX,2023-11-03,498.13,5.83,3.34
475,31,Loans,2023-11-27,4562.17,198.41,69.63
476,40,FX,2023-09-23,213.64,9.09,6.09
477,36,Payments,2023-07-29,102.92,3.08,1.32
478,152,Loans,2023-02-20,4524.19,161.95,67.26
479,6,Payments,2023-04-28,73.78,3.37,1.03
480,66,Payments,2023-07-20,78.09,2.51,0.9
481,75,Loans,2023-02-08,914.44,38.97,25.63
482,4,Loans,2023-01-28,4206.23,193.28,100.75
483,79,Subscriptions,2023-09-16,42.49,1.08,0.61
484,134,Loans,2023-03-25,4949.76,94.19,42.95
485,118,Loans,2023-06-04,2660.21,41.29,13.72
486,113,Payments,2023-04-27,169.35,8.31,3.84
487,94,Loans,2023-01-02,894.42,11.3,7.42
488,179,Payments,2023-04-03,103.49,2.36,1.16
489,62,Payments,2023-06-15,77.29,2.28,1.47
490,185,Subscriptions,2023-12-16,33.69,1.27,0.57
491,194,Subscriptions,2023-10-23,39.54,1.45,0.5
492,79,Subscriptions,2023-09-15,32.91,0.67,0.41
493,136,Loans,2023-03-22,2416.72,120.32,40.55
494,26,Loans,2023-09-25,4011.57,148.22,89.97
495,179,Cards,2023-08-23,113.03,3.36,2.08
496,173,Loans,2023-11-17,1546.44,29.45,15.32
497,44,Loans,2023-11-07,2856.04,60.81,25.49
498,133,Payments,2023-10-28,70.01,2.86,1.6
499,70,Payments,2023-12-23,169.84,8.33,4.08
500,154,Loans,2023-08-01,800.12,9.54,3.99
501,118,Loans,2023-03-03,4696.45,145.25,59.37
502,68,Subscriptions,2023-02-18,25.97,0.88,0.49
503,19,Loans,2023-05-07,1192.64,58.54,30.32
504,20,Subscriptions,2023-08-11,15.43,0.71,0.23
505,113,FX,2023-10-06,916.96,45.72,26.53
506,140,FX,2023-10-21,793.4,18.64,12.61
507,47,FX,2023-10-11,576.74,22.66,15.18
508,1,Cards,2023-10-04,293.3,12.71,5.35
509,90,Payments,2023-04-17,193.98,6.81,4.58
510,142,Payments,2023-05-26,141.7,3.16,1.41
511,64,Payments,2023-04-09,119.08,4.95,2.12
512,38,Subscriptions,2023-03-14,33.19,0.79,0.5
513,37,Cards,2023-05-02,156.02,2.04,0.75
514,126,Payments,2023-01-30,31.0,0.93,0.32
515,139,Cards,2023-07-07,60.82,2.9,1.88
516,100,Payments,2023-12-30,101.38,5.01,1.5
517,77,Cards,2023-12-20,195.77,6.78,3.28
518,3,Loans,2023-10-15,2286.27,64.51,30.06
519,161,Payments,2023-07-14,151.49,2.34,0.89
520,134,Loans,2023-06-05,1312.33,26.9,13.72
521,178,Payments,2023-06-21,40.02,1.79,0.75
522,10,Payments,2023-12-01,49.26,1.82,0.57
523,5,Payments,2023-02-10,131.59,4.99,1.93
524,151,FX,2023-03-04,137.77,3.38,1.15
525,138,Loans,2023-01-23,1024.15,20.66,8.64
526,172,Payments,2023-12-26,115.39,4.29,2.3
527,130,Subscriptions,2023-03-16,15.93,0.27,0.18
528,13,FX,2023-02-17,602.52,26.99,12.11
529,168,Payments,2023-06-09,130.59,4.04,1.73
530,130,Loans,2023-11-09,2614.62,78.7,29.93
531,84,Payments,2023-04-28,76.7,3.2,2.13
532,65,Payments,2023-04-10,84.76,1.89,0.71
533,63,Subscriptions,2023-06-16,37.14,0.85,0.59
534,101,Payments,2023-10-17,78.62,2.03,1.1
535,73,Loans,2023-06-05,4107.58,118.22,55.45
536,17,FX,2023-01-07,996.07,10.38,6.83
537,9,Payments,2023-07-15,46.85,1.94,1.06
538,143,Subscriptions,2023-02-25,23.67,1.06,0.32
539,152,Payments,2023-11-17,60.8,1.99,0.88
540,38,Cards,2023-07-12,194.8,2.14,0.74
541,163,Loans,2023-02-16,1071.93,18.84,9.11
542,94,FX,2023-05-28,776.92,35.91,22.77
543,95,Subscriptions,2023-10-02,17.88,0.49,0.19
544,49,Payments,2023-06-06,67.6,2.04,0.67
545,69,Subscriptions,2023-07-21,18.73,0.89,0.43
546,62,Cards,2023-05-06,150.25,1.59,0.63
547,188,Subscriptions,2023-11-01,44.65,0.74,0.35
548,178,FX,2023-10-21,112.9,3.29,1.01
549,78,Cards,2023-03-05,251.29,10.8,6.65
550,117,Payments,2023-11-21,71.01,3.09,1.6
551,120,Payments,2023-06-25,87.29,3.06,0.93
552,137,Subscriptions,2023-04-26,15.72,0.62,0.25
553,162,Loans,2023-07-23,3191.04,81.07,52.04
554,76,FX,2023-11-17,957.17,43.4,17.72
555,35,Cards,2023-01-31,82.42,2.39,0.72
556,1,Loans,2023-04-23,616.14,19.8,10.06
557,40,Payments,2023-12-31,199.02,3.6,1.45
558,64,FX,2023-11-21,202.19,9.44,5.77
559,150,Payments,2023-12-10,168.02,7.75,3.95
560,60,FX,2023-03-08,506.07,11.75,6.29
561,64,Loans,2023-03-16,2544.25,71.4,48.18
562,93,Subscriptions,2023-02-14,49.36,2.07,1.25
563,72,Payments,2023-09-17,142.5,2.37,0.77
564,11,Subscriptions,2023-06-03,37.63,1.47,0.47
565,105,Loans,2023-06-04,4676.23,63.81,26.44
566,14,Subscriptions,2023-12-29,36.9,0.62,0.2
567,60,Payments,2023-08-22,79.61,3.24,1.51
568,30,FX,2023-02-20,687.68,22.82,7.05
569,35,Cards,2023-11-02,296.91,3.46,2.38
570,165,Payments,2023-09-19,118.98,5.77,2.0
571,5,Payments,2023-11-11,108.27,1.82,0.58
572,83,Payments,2023-05-05,131.16,2.4,1.29
573,123,Subscriptions,2023-09-02,14.49,0.34,0.21
574,78,Subscriptions,2023-01-30,27.48,0.96,0.54
575,154,Loans,2023-05-02,4296.9,98.82,56.81
576,62,Payments,2023-05-05,193.09,7.57,3.75
577,132,Loans,2023-02-06,3338.23,132.15,72.01
578,89,Subscriptions,2023-06-19,10.67,0.19,0.12
579,42,Loans,2023-05-04,1726.93,67.8,30.43
580,89,Cards,2023-12-23,170.91,2.17,0.81
581,146,Payments,2023-02-04,192.3,8.77,4.92
582,40,Subscriptions,2023-03-28,28.39,1.05,0.58
583,72,Loans,2023-05-14,3058.49,37.82,20.92
584,39,Loans,2023-07-15,3960.14,197.07,59.99
585,104,FX,2023-10-01,757.16,24.89,11.79
586,14,Subscriptions,2023-07-20,15.1,0.4,0.18
587,32,Cards,2023-10-12,111.76,4.39,2.54
588,179,Payments,2023-03-18,126.02,5.99,2.64
589,125,Payments,2023-02-28,63.88,2.31,0.88
590,166,FX,2023-05-06,383.51,7.28,2.39
591,97,Subscriptions,2023-04-19,43.1,0.87,0.43
592,23,Payments,2023-08-12,27.8,1.06,0.46
593,63,Payments,2023-10-05,154.05,4.08,1.54
594,143,Payments,2023-03-09,112.37,1.71,0.81
595,153,Cards,2023-03-10,115.67,5.38,1.74
596,145,Payments,2023-06-14,144.92,2.51,1.07
597,194,Payments,2023-11-01,94.79,4.39,1.74
598,53,Payments,2023-06-11,36.44,0.83,0.28
599,104,Loans,2023-12-31,1078.68,35.55,11.53
600,104,Payments,2023-12-08,25.57,0.99,0.44
601,179,Loans,2023-11-05,1064.19,21.44,11.94
602,39,Payments,2023-12-09,69.6,2.07,0.72
603,179,FX,2023-02-11,629.28,14.25,7.85
604,198,Payments,2023-12-20,165.51,5.7,2.39
605,134,Loans,2023-04-19,1650.85,38.13,13.95
606,67,Cards,2023-02-20,78.92,3.29,1.49
607,135,Subscriptions,2023-09-07,27.44,0.93,0.5
608,179,Loans,2023-12-07,803.2,34.75,12.89
609,200,Payments,2023-01-21,150.15,6.14,3.6
610,42,Payments,2023-10-27,124.22,1.31,0.58
611,192,Subscriptions,2023-05-19,34.19,0.87,0.56
612,15,Cards,2023-12-25,113.38,2.46,1.0
613,111,Subscriptions,2023-11-20,23.31,0.75,0.44
614,157,Subscriptions,2023-04-02,36.5,1.54,1.01
615,33,FX,2023-10-07,834.47,8.98,5.34
616,155,Loans,2023-05-05,1437.8,22.02,12.23
617,164,Payments,2023-04-21,77.55,0.95,0.34
618,157,Subscriptions,2023-12-20,10.04,0.46,0.14
619,38,Cards,2023-05-19,86.55,2.31,1.02
620,185,Payments,2023-09-30,184.11,2.14,1.08
621,97,Subscriptions,2023-04-09,37.22,1.76,0.96
622,155,Payments,2023-09-09,164.68,2.2,1.0
623,183,Loans,2023-12-04,2182.76,99.21,35.77
624,33,Payments,2023-04-14,47.34,1.1,0.35
625,196,Loans,2023-08-02,1321.06,64.21,30.26
626,86,FX,2023-09-06,668.82,26.11,11.67
627,66,Payments,2023-06-01,46.5,0.85,0.36
628,10,Subscriptions,2023-09-07,35.44,0.92,0.28
629,5,FX,2023-10-02,571.07,26.76,16.72
630,123,Cards,2023-06-14,252.81,10.57,4.54
631,74,Payments,2023-12-07,157.73,2.48,1.4
632,97,Loans,2023-01-08,3387.06,37.33,22.97
633,118,Payments,2023-10-11,182.58,3.78,2.36
634,38,Cards,2023-01-05,52.25,1.78,0.88
635,141,Cards,2023-05-25,177.4,8.35,5.41
636,159,Loans,2023-04-11,4032.88,84.48,56.16
637,47,FX,2023-06-13,187.76,8.29,3.57
638,109,Loans,2023-05-27,741.98,27.29,10.71
639,180,Subscriptions,2023-03-05,19.74,0.44,0.14
640,184,Payments,2023-04-01,51.88,0.53,0.25
641,15,FX,2023-04-27,175.83,6.56,2.59
642,157,Payments,2023-12-20,189.84,8.51,3.54
643,136,FX,2023-09-24,804.89,33.91,23.55
644,5,FX,2023-11-06,638.06,8.47,4.73
645,157,FX,2023-06-22,662.48,23.54,9.95
646,47,Payments,2023-02-16,174.74,8.45,3.27
647,68,Payments,2023-05-20,35.87,0.64,0.4
648,76,Payments,2023-09-03,141.8,5.03,2.32
649,173,Loans,2023-05-29,3100.23,69.18,33.96
650,130,Payments,2023-09-03,162.75,8.02,5.39
651,155,Cards,2023-01-05,282.14,7.36,3.59
652,95,Subscriptions,2023-07-03,38.23,1.79,0.64
653,115,Payments,2023-01-20,74.76,1.16,0.63
654,164,Loans,2023-02-15,1878.35,43.29,14.21
655,36,Loans,2023-01-12,2074.08,92.3,36.29
656,26,Subscriptions,2023-03-11,37.81,1.33,0.86
657,43,Loans,2023-01-17,1095.3,53.78,28.67
658,27,Cards,2023-05-27,298.78,13.88,5.39
659,69,Loans,2023-06-03,752.73,15.22,7.78
660,148,Cards,2023-10-31,76.33,1.27,0.62
661,11,Cards,2023-04-18,38.98,0.58,0.27
662,74,Payments,2023-08-24,31.36,0.81,0.4
663,104,Cards,2023-11-04,151.84,6.8,3.48
664,38,Payments,2023-12-18,104.24,2.75,1.73
665,134,FX,2023-03-11,905.55,39.96,22.75
666,200,Loans,2023-07-02,1118.13,23.56,7.5
667,23,Cards,2023-09-07,281.32,10.25,6.13
668,47,Cards,2023-08-16,114.12,5.0,2.02
669,90,FX,2023-04-12,101.48,2.54,1.34
670,46,FX,2023-03-16,530.83,23.61,8.08
671,107,Payments,2023-08-04,119.69,3.65,1.51
672,140,Payments,2023-07-22,168.0,6.74,4.0
673,141,Loans,2023-07-11,4442.87,172.88,67.9
674,104,Payments,2023-09-06,147.0,3.28,1.3
675,190,Subscriptions,2023-08-30,12.92,0.51,0.3
676,111,Payments,2023-06-28,62.21,2.49,1.66
677,104,Cards,2023-08-07,59.17,1.14,0.69
678,60,Subscriptions,2023-03-23,20.98,0.73,0.24
679,171,FX,2023-04-02,506.98,20.06,11.53
680,100,Payments,2023-06-24,166.71,7.52,4.58
681,68,Cards,2023-08-27,211.33,2.38,1.22
682,133,Cards,2023-09-17,40.18,1.7,0.73
683,120,Loans,2023-12-31,3030.93,64.19,39.35
684,37,Subscriptions,2023-06-12,45.46,1.18,0.76
685,72,FX,2023-02-17,340.37,10.68,6.87
686,127,Payments,2023-11-25,78.66,3.79,1.32
687,106,Loans,2023-11-24,582.24,26.88,8.8
688,92,Loans,2023-04-26,4963.5,238.53,84.63
689,31,Payments,2023-12-03,116.77,2.03,0.96
690,122,Loans,2023-12-03,776.41,14.72,6.55
691,137,Payments,2023-08-13,98.96,4.86,3.03
692,51,Payments,2023-12-18,152.73,4.81,3.06
693,29,Payments,2023-11-24,81.08,3.11,2.17
694,40,Cards,2023-05-27,114.95,4.25,2.71
695,41,Loans,2023-03-04,4621.13,178.92,73.97
696,11,Cards,2023-10-21,118.1,1.28,0.77
697,151,Loans,2023-11-19,692.33,30.87,10.73
698,1,Payments,2023-11-21,50.94,1.48,0.88
699,46,Loans,2023-01-13,1125.51,31.07,15.32
700,101,Loans,2023-07-08,1455.29,21.28,13.5
701,149,Payments,2023-10-14,110.44,1.17,0.73
702,90,Subscriptions,2023-07-27,49.23,1.69,0.85
703,110,Payments,2023-04-24,178.11,8.57,5.16
704,164,Subscriptions,2023-01-22,27.82,0.94,0.54
705,182,Subscriptions,2023-12-15,17.77,0.5,0.31
706,57,Payments,2023-08-02,137.85,3.65,2.06
707,1,Payments,2023-06-20,41.28,1.08,0.66
708,63,FX,2023-11-19,298.46,5.2,3.54
709,182,Loans,2023-02-23,1444.54,29.52,20.31
710,55,Payments,2023-10-25,152.25,5.78,3.71
711,115,Cards,2023-11-16,61.27,2.34,1.17
712,168,Payments,2023-05-06,169.25,5.13,2.81
713,143,Subscriptions,2023-10-04,29.11,0.85,0.51
714,149,Cards,2023-07-23,199.71,7.06,3.39
715,175,Payments,2023-07-13,115.6,4.6,2.9
716,53,Payments,2023-06-18,145.38,6.83,4.29
717,137,Payments,2023-06-01,121.14,4.46,2.99
718,180,Payments,2023-02-04,131.45,5.65,3.25
719,57,Payments,2023-07-03,119.35,2.35,1.1
720,117,Subscriptions,2023-10-13,48.71,1.77,0.93
721,154,Payments,2023-02-26,187.93,6.29,3.21
722,169,Loans,2023-08-10,3916.9,150.83,56.9
723,35,Cards,2023-10-30,157.25,4.54,2.05
724,63,FX,2023-06-12,565.56,15.0,5.7
725,25,Subscriptions,2023-01-19,26.49,0.34,0.18
726,90,Payments,2023-09-21,173.66,6.77,3.01
727,75,Subscriptions,2023-10-09,13.48,0.24,0.13
728,38,Loans,2023-04-23,1431.76,45.47,17.85
729,130,Loans,2023-11-23,4320.16,111.85,44.54
730,135,Payments,2023-01-30,166.22,3.94,1.36
731,162,Cards,2023-05-15,184.01,6.12,3.59
732,91,Loans,2023-03-08,1580.99,43.87,18.12
733,17,Payments,2023-03-06,34.57,1.56,0.92
734,128,Loans,2023-10-19,1856.58,63.08,24.0
735,171,Loans,2023-01-25,4506.06,65.77,19.83
736,187,FX,2023-02-06,551.81,18.39,9.78
737,108,FX,2023-01-01,149.06,3.36,1.68
738,179,FX,2023-02-06,294.92,13.24,4.43
739,182,Payments,2023-05-21,107.73,4.06,1.64
740,152,Loans,2023-08-20,3309.08,142.87,53.74
741,25,Loans,2023-05-16,4627.49,148.74,62.42
742,199,Payments,2023-07-07,97.55,2.19,1.29
743,180,Payments,2023-05-08,163.33,7.08,4.91
744,198,FX,2023-07-20,812.16,27.66,12.05
745,88,Payments,2023-05-07,118.03,1.37,0.82
746,161,Loans,2023-09-14,2506.8,27.08,8.8
747,177,Payments,2023-06-13,89.74,2.99,1.45
748,29,Payments,2023-02-04,131.46,3.84,2.17
749,63,Payments,2023-07-13,59.44,0.86,0.46
750,150,Cards,2023-07-10,160.87,1.78,0.81
751,154,FX,2023-04-14,195.51,6.11,2.8
752,156,Cards,2023-01-23,195.55,8.26,3.47
753,114,Loans,2023-09-22,4829.46,151.77,83.06
754,49,Payments,2023-10-17,142.52,5.23,2.64
755,199,Loans,2023-09-17,2429.44,29.52,9.12
756,81,Loans,2023-12-24,2110.83,49.28,22.43
757,84,FX,2023-03-16,224.53,8.87,5.7
758,105,Payments,2023-12-21,188.97,5.61,3.26
759,177,Loans,2023-03-13,4349.98,116.28,49.28
760,148,Payments,2023-09-16,188.61,5.78,2.88
761,118,Payments,2023-07-07,52.11,0.75,0.48
762,86,FX,2023-06-22,652.72,15.03,5.66
763,63,Loans,2023-10-17,2999.74,100.06,38.3
764,189,Loans,2023-02-14,4331.33,57.91,25.62
765,104,Loans,2023-03-02,3561.73,74.67,47.12
766,49,Loans,2023-03-24,3829.41,159.15,55.33
767,71,FX,2023-05-03,226.49,4.86,2.47
768,1,Cards,2023-12-24,231.96,10.08,5.86
769,141,Cards,2023-01-16,280.72,11.1,4.69
770,179,FX,2023-03-07,338.57,12.81,4.83
771,123,Payments,2023-05-25,36.69,1.15,0.72
772,184,Subscriptions,2023-06-11,14.06,0.59,0.37
773,62,Loans,2023-08-22,2670.23,32.82,12.14
774,32,Payments,2023-05-24,147.34,5.67,3.74
775,158,FX,2023-12-24,624.42,9.34,3.26
776,29,Payments,2023-07-07,149.8,2.6,1.12
777,49,Cards,2023-11-18,161.55,1.78,0.71
778,173,Loans,2023-01-13,2335.5,49.48,17.54
779,30,Subscriptions,2023-07-03,39.12,1.66,0.67
780,144,Subscriptions,2023-04-21,40.98,1.04,0.52
781,168,Cards,2023-10-17,261.12,10.44,6.5
782,19,Subscriptions,2023-10-22,15.47,0.2,0.13
783,18,Subscriptions,2023-08-03,25.51,0.55,0.32
784,1,Payments,2023-04-30,170.55,7.59,3.24
785,78,Loans,2023-02-24,4334.96,50.45,16.14
786,115,Payments,2023-01-27,132.23,1.66,0.71
787,175,FX,2023-04-28,705.48,16.57,6.16
788,194,Loans,2023-08-09,1766.08,49.99,24.5
789,113,Subscriptions,2023-08-19,41.32,1.65,0.8
790,114,Payments,2023-02-22,172.22,2.51,1.01
791,166,Payments,2023-10-22,169.04,4.25,2.94
792,179,FX,2023-11-17,519.63,21.66,9.98
793,63,Payments,2023-08-21,96.49,2.44,1.44
794,132,Payments,2023-06-07,118.55,5.66,2.27
795,129,Payments,2023-09-26,38.1,0.98,0.54
796,8,Cards,2023-01-21,262.42,6.26,3.51
797,157,FX,2023-02-22,415.18,14.4,9.42
798,55,Loans,2023-10-02,1541.11,40.33,28.12
799,103,Payments,2023-11-09,176.34,5.75,2.91
800,131,Payments,2023-10-08,71.23,2.19,1.4
801,32,FX,2023-08-02,716.66,15.48,5.89
802,10,Subscriptions,2023-01-31,20.61,0.35,0.12
803,110,Payments,2023-12-03,95.44,1.39,0.51
804,162,Payments,2023-07-02,118.52,1.97,0.64
805,124,Payments,2023-01-23,77.13,1.45,0.73
806,87,Subscriptions,2023-02-01,14.09,0.56,0.37
807,55,FX,2023-03-15,769.09,24.08,15.52
808,32,Payments,2023-01-10,145.09,1.51,0.69
809,178,Payments,2023-02-23,173.17,4.13,1.3
810,135,Payments,2023-02-21,154.31,6.49,2.37
811,93,Cards,2023-05-28,175.08,3.1,1.82
812,8,Payments,2023-06-09,68.88,1.56,1.0
813,65,FX,2023-01-14,528.69,19.45,8.97
814,57,Subscriptions,2023-06-27,21.92,0.77,0.28
815,67,Loans,2023-02-22,2178.5,40.0,23.13
816,187,Payments,2023-12-01,189.96,9.46,4.54
817,72,Payments,2023-01-22,65.46,1.81,1.16
818,54,Subscriptions,2023-01-30,18.24,0.88,0.38
819,67,FX,2023-07-10,987.22,42.99,26.8
820,51,Subscriptions,2023-09-17,22.72,0.24,0.11
821,97,Loans,2023-07-24,1858.14,21.36,10.73
822,92,Payments,2023-02-28,92.55,3.27,1.8
823,8,Cards,2023-09-21,62.6,3.07,1.15
824,162,FX,2023-01-12,500.75,14.78,9.24
825,35,Payments,2023-04-29,37.86,1.03,0.57
826,96,Cards,2023-10-17,88.09,3.09,2.07
827,88,Subscriptions,2023-12-04,49.9,0.56,0.22
828,78,Subscriptions,2023-09-05,22.41,0.58,0.23
829,32,FX,2023-12-20,283.14,13.64,9.1
830,120,FX,2023-05-07,142.29,3.35,1.55
831,46,Subscriptions,2023-03-16,19.56,0.69,0.38
832,144,Payments,2023-12-27,173.09,6.86,3.55
833,196,Payments,2023-07-23,137.65,2.88,1.55
834,165,Cards,2023-02-18,162.09,2.49,0.99
835,182,Payments,2023-03-20,72.5,3.41,1.34
836,142,Loans,2023-08-29,1801.6,44.63,25.24
837,55,Loans,2023-12-15,1032.07,49.7,32.12
838,176,Loans,2023-06-03,3097.47,114.49,35.11
839,7,Subscriptions,2023-10-01,23.56,0.99,0.33
840,74,Cards,2023-04-06,106.22,3.55,1.43
841,7,Payments,2023-08-02,188.12,2.87,1.77
842,161,Payments,2023-10-21,111.43,4.46,1.89
843,151,Payments,2023-07-28,112.61,4.99,2.43
844,85,Cards,2023-12-09,127.12,4.0,2.35
845,147,Subscriptions,2023-03-29,27.74,1.32,0.55
846,112,Payments,2023-11-02,105.58,4.25,2.45
847,125,FX,2023-09-21,877.28,43.75,20.6
848,147,Cards,2023-11-21,60.01,0.67,0.4
849,36,FX,2023-11-16,886.61,16.69,6.07
850,29,Cards,2023-06-06,46.8,2.01,0.85
851,188,Payments,2023-06-05,92.31,2.78,1.77
852,82,FX,2023-05-19,685.75,23.73,8.79
853,2,Loans,2023-05-01,2809.35,108.48,74.78
854,129,FX,2023-03-06,281.27,2.92,0.96
855,47,FX,2023-04-17,438.27,18.77,5.68
856,197,FX,2023-05-27,511.06,11.84,3.8
857,148,Subscriptions,2023-05-17,28.01,0.57,0.25
858,11,Payments,2023-06-11,147.01,4.54,1.59
859,130,Loans,2023-04-10,4826.37,171.03,103.7
860,195,Cards,2023-12-04,51.39,0.61,0.19
861,119,Cards,2023-11-03,80.97,2.15,1.45
862,140,Payments,2023-05-21,102.27,2.21,1.16
863,20,Payments,2023-03-24,40.15,1.38,0.73
864,5,Payments,2023-06-26,162.56,8.04,3.22
865,37,FX,2023-07-17,558.69,25.9,15.9
866,166,FX,2023-04-22,538.67,25.76,8.32
867,137,Payments,2023-02-25,187.58,2.25,1.17
868,53,Loans,2023-06-28,4506.98,92.43,45.19
869,172,FX,2023-07-05,391.9,18.84,11.86
870,99,FX,2023-08-06,738.1,24.73,15.54
871,86,Loans,2023-11-12,2265.2,63.2,37.42
872,108,Subscriptions,2023-08-05,24.31,0.31,0.1
873,24,Loans,2023-04-30,1019.13,45.64,22.31
874,81,Payments,2023-06-24,148.32,3.81,1.54
875,158,Subscriptions,2023-01-23,23.89,1.0,0.55
876,120,Subscriptions,2023-08-01,47.51,1.77,0.93
877,59,Cards,2023-08-23,194.75,9.29,5.72
878,128,Subscriptions,2023-01-13,10.96,0.34,0.2
879,114,FX,2023-04-11,773.83,14.34,9.27
880,115,Payments,2023-01-24,192.05,3.74,2.44
881,14,Loans,2023-12-30,936.4,11.45,4.03
882,9,Payments,2023-01-11,30.39,1.33,0.43
883,40,Payments,2023-09-30,68.9,0.97,0.41
884,194,FX,2023-10-08,181.5,6.66,2.35
885,25,Cards,2023-04-04,260.0,11.1,3.39
886,103,Payments,2023-07-20,181.23,2.02,0.8
887,22,Loans,2023-01-21,645.75,15.13,7.65
888,4,FX,2023-12-06,816.98,19.21,11.19
889,154,Payments,2023-07-30,53.75,2.15,0.85
890,186,Subscriptions,2023-05-20,15.74,0.27,0.1
891,29,FX,2023-10-20,561.58,24.59,8.16
892,109,Subscriptions,2023-10-25,38.28,1.38,0.9
893,98,Payments,2023-04-11,63.95,1.79,1.2
894,37,Loans,2023-10-31,3469.97,88.66,31.26
895,75,FX,2023-12-25,336.24,11.18,6.57
896,70,Subscriptions,2023-01-28,14.98,0.51,0.26
897,146,Payments,2023-02-10,112.51,4.23,2.69
898,128,FX,2023-12-21,390.69,17.8,6.48
899,85,Payments,2023-10-30,51.14,1.06,0.37
900,42,FX,2023-05-26,307.29,4.38,2.75
901,100,Payments,2023-09-13,45.01,1.8,0.57
902,41,Cards,2023-08-15,286.1,11.0,3.33
903,166,Loans,2023-08-24,3937.35,120.34,73.62
904,34,Payments,2023-12-27,114.05,4.06,2.5
905,17,Payments,2023-01-13,92.92,0.94,0.6
906,165,Payments,2023-07-29,88.56,2.64,0.8
907,153,Cards,2023-08-17,162.86,8.06,3.31
908,122,Cards,2023-04-10,136.76,5.13,3.21
909,76,Loans,2023-01-31,2378.26,53.24,35.95
910,87,Loans,2023-01-16,3547.15,52.36,17.15
911,117,FX,2023-05-17,535.19,10.06,4.04
912,106,Cards,2023-11-25,266.98,3.63,2.13
913,86,Subscriptions,2023-06-15,20.85,0.84,0.5
914,27,Loans,2023-11-06,533.26,16.19,5.76
915,57,Loans,2023-04-10,4398.02,197.31,92.21
916,31,Subscriptions,2023-04-19,27.78,0.61,0.36
917,134,Payments,2023-12-09,84.56,1.75,0.83
918,168,Subscriptions,2023-06-22,13.66,0.54,0.17
919,98,Loans,2023-08-25,3400.18,58.87,23.13
920,12,FX,2023-06-11,672.07,33.41,20.42
921,53,Payments,2023-08-04,60.65,1.03,0.67
922,199,Subscriptions,2023-09-21,27.77,0.43,0.28
923,138,Loans,2023-09-20,4172.42,205.93,136.72
924,173,Subscriptions,2023-10-19,44.07,0.53,0.18
925,145,Payments,2023-10-01,122.42,3.83,1.85
926,154,Subscriptions,2023-01-03,25.87,0.7,0.37
927,190,Subscriptions,2023-01-28,10.08,0.21,0.1
928,122,Subscriptions,2023-11-22,38.89,0.66,0.34
929,46,Subscriptions,2023-05-29,38.58,1.07,0.33
930,64,Subscriptions,2023-01-28,27.97,0.61,0.41
931,130,FX,2023-11-06,212.15,7.66,2.46
932,54,Payments,2023-03-06,100.31,3.23,1.35
933,107,FX,2023-12-22,509.57,8.43,3.55
934,193,Loans,2023-01-21,3294.98,72.73,47.99
935,51,Payments,2023-09-09,133.11,3.67,1.16
936,181,Payments,2023-08-23,109.92,4.46,1.81
937,36,Payments,2023-08-15,165.22,3.32,2.09
938,115,FX,2023-01-13,176.74,7.89,3.94
939,26,FX,2023-11-09,366.88,7.56,3.57
940,29,FX,2023-02-18,999.14,18.8,6.42
941,149,Loans,2023-04-28,3132.66,92.54,47.17
942,11,Loans,2023-02-23,3501.21,72.43,48.11
943,40,Payments,2023-05-18,98.42,1.49,0.89
944,11,Payments,2023-02-22,135.76,3.07,1.69
945,164,Loans,2023-02-13,1489.38,41.4,27.31
946,113,Payments,2023-10-30,44.04,1.12,0.7
947,187,Payments,2023-02-22,194.51,5.48,2.75
948,39,Subscriptions,2023-03-15,32.89,1.56,1.0
949,54,FX,2023-02-15,253.54,6.96,3.38
950,98,Cards,2023-01-13,243.06,8.29,4.66
951,55,Cards,2023-06-14,299.51,3.89,1.52
952,111,Subscriptions,2023-04-12,26.32,0.63,0.19
953,152,Loans,2023-10-07,913.0,34.0,22.16
954,150,Subscriptions,2023-09-15,30.57,0.96,0.39
955,69,FX,2023-12-03,791.09,31.7,16.97
956,56,Payments,2023-12-22,58.28,0.81,0.26
957,33,Loans,2023-05-18,3167.13,136.19,87.62
958,36,FX,2023-06-12,517.26,21.4,14.52
959,148,Loans,2023-04-21,1738.27,45.05,30.3
960,81,Subscriptions,2023-04-12,23.53,1.1,0.76
961,190,Subscriptions,2023-01-17,36.47,1.56,0.93
962,109,Payments,2023-09-25,145.92,3.25,1.05
963,154,Loans,2023-07-01,2043.73,74.96,25.56
964,194,Payments,2023-01-24,22.15,0.35,0.2
965,73,Payments,2023-01-29,195.1,9.62,4.79
966,40,Payments,2023-06-20,176.48,6.97,3.49
967,17,FX,2023-08-16,615.48,9.53,6.44
968,129,Payments,2023-07-07,83.35,2.32,1.32
969,61,Loans,2023-12-12,2002.56,40.39,22.31
970,171,Payments,2023-08-18,24.5,0.95,0.48
971,104,Cards,2023-11-17,193.55,6.83,3.49
972,42,Payments,2023-12-06,124.86,4.66,2.8
973,25,Loans,2023-04-29,3773.54,169.0,63.51
974,39,Cards,2023-06-05,138.31,6.63,3.04
975,35,FX,2023-09-29,212.38,6.59,2.26
976,131,Payments,2023-06-24,56.51,2.82,1.46
977,108,FX,2023-04-14,355.65,17.71,12.16
978,172,Loans,2023-04-02,2483.33,50.7,32.21
979,179,Loans,2023-07-05,3720.29,139.43,91.64
980,102,Payments,2023-10-10,144.1,3.08,1.78
981,98,Payments,2023-06-30,75.05,3.03,1.66
982,12,FX,2023-06-19,169.67,5.18,2.26
983,19,Loans,2023-07-06,1978.57,67.45,28.93
984,101,Loans,2023-06-24,3996.02,51.28,28.93
985,44,FX,2023-08-10,828.28,30.57,15.25
986,187,FX,2023-08-21,955.28,21.01,6.47
987,49,Payments,2023-06-11,97.76,1.11,0.75
988,189,Subscriptions,2023-05-14,18.4,0.76,0.47
989,17,Payments,2023-08-12,59.19,2.06,0.66
990,74,FX,2023-06-02,535.22,5.67,3.79
991,57,Subscriptions,2023-02-02,49.04,0.93,0.36
992,55,Cards,2023-02-24,233.5,4.7,3.09
993,47,Payments,2023-01-07,123.31,2.96,1.88
994,12,Payments,2023-09-01,108.81,5.06,3.39
995,62,Payments,2023-11-09,49.78,0.5,0.35
996,80,Payments,2023-05-06,183.1,2.24,1.42
997,83,Payments,2023-01-12,102.4,2.08,1.36
998,8,Cards,2023-01-16,83.1,3.98,1.52
999,149,Payments,2023-07-27,130.46,2.47,1.28
1000,81,Payments,2023-02-12,143.12,2.52,1.28
